베스트셀러,분류
달러구트 꿈 백화점. 2,소설
달러구트 꿈 백화점,소설
소크라테스 익스프레스,인문
"오늘 밤, 세계에서 이 사랑이 사라진다 해도",소설
백조와 박쥐,소설
햇빛은 찬란하고 인생은 귀하니까요: 밀라논나 이야기,시/에세이
대한민국 재건축 재개발 지도,경제/경영
미드나잇 라이브러리,소설
완전한 행복,소설
지구 끝의 온실,소설
원피스. 99: 밀짚모자 루피,만화
불편한 편의점,소설
투자의 본질,경제/경영
흔한남매. 8(양장본 HardCover),어린이(초등)
미래의 부(양장본 HardCover),경제/경영
메타버스 새로운 기회,경제/경영
주술회전. 16: 시부야 사변(폐문),만화
Go Go 카카오프렌즈. 21: 캐나다,어린이(초등)
럭키,자기계발
밝은 밤,소설
서울 자가에 대기업 다니는 김 부장 이야기. 1: 김부장 편,자기계발
나의 첫 주식 교과서(강방천&존리와 함께하는),경제/경영
으뜸체력,시/에세이
진격의 거인. 34(완결),만화
눈 떠보니 선진국,정치/사회
부의 시나리오,경제/경영
해커스 토익 기출 보카 TOEIC VOCA(개정판 5판),외국어
인간 실격(세계문학전집 103),소설
기분이 태도가 되지 않게(15만 부 기념 썸머에디션),자기계발
공간의 미래,인문
나는 주식 대신 달러를 산다,경제/경영
에그박사. 4(양장본 HardCover),어린이(초등)
생각을 바꾸는 생각들,인문
양순이네 떡집(난 책읽기가 좋아)(양장본 HardCover),어린이(초등)
부자 아빠 가난한 아빠. 1(20주년 특별 기념판)(개정증보판),경제/경영
아파트 청약 이렇게 쉬웠어?,경제/경영
돈의 속성(150쇄 기념 에디션),경제/경영
흔한남매 별난 방탈출. 3(양장본 HardCover),어린이(초등)
주식 시장의 속성,경제/경영
생각이 너무 많은 서른 살에게,자기계발
약속의 땅(양장본 HardCover),인문
아몬드(양장본 HardCover),소설
공정하다는 착각(30만 부 기념 리커버 에디션)(리커버:K),인문
왜 일하는가(양장본 HardCover),자기계발
마음의 주인,시/에세이
어떻게 말해줘야 할까,가정/육아
숲속 100층짜리 집,유아(0~7세)
복잡계 세상에서의 투자,경제/경영
돈의 역사는 되풀이된다,경제/경영
설민석의 한국사 대모험. 17,어린이(초등)
월급쟁이 부자로 은퇴하라,경제/경영
메타버스,경제/경영
행복해지려는 관성,시/에세이
나라는 식물을 키워보기로 했다,시/에세이
그리스 로마 신화. 24: 헤라클레스의 마지막 원정(만화로 읽는 초등 인문학)(양장본 HardCover),어린이(초등)
작은 별이지만 빛나고 있어,시/에세이
가상화폐 단타의 정석,경제/경영
조국의 시간,정치/사회
해커스 토익 RC 리딩(Reading)(개정판 8판),외국어
빅 컨버세이션: 대담한 대담,경제/경영
더 보스(The Boss),자기계발
1시간에 끝내는 대화의 기술,자기계발
흔한남매 불꽃 튀는 우리말. 3,어린이(초등)
부의 추월차선,경제/경영
이토록 뜻밖의 뇌과학,과학
그러라 그래(양장본 HardCover),시/에세이
흔한남매 과학 탐험대. 2: 지구와 달(양장본 HardCover),어린이(초등)
동명 양과자점의 아메리칸 쿠키 레시피,요리
돈의 심리학(양장본 HardCover),경제/경영
데일 카네기 인간관계론,자기계발
오은영의 화해,자기계발
아처,소설
놓지 마 과학!. 15: 사라진 마이아사우라의 호박 장식을 찾아라,어린이(초등)
강원국의 어른답게 말합니다,자기계발
내 곁에서 내 삶을 받쳐 주는 것들,자기계발
해커스 토익 LC 리스닝(Listening)(개정판 8판),외국어
헤맨다고 모두 길을 잃는 것은 아니다,시/에세이
이토록 공부가 재미있어지는 순간(30만 부 기념 양장 한정판 매직 에디션)(양장본 HardCover),청소년
오늘은 이만 좀 쉴게요(10만 부 기념 스페셜 에디션),시/에세이
긴긴밤(보름달문고 83),어린이(초등)
4~7세보다 중요한 시기는 없습니다,가정/육아
이상한 과자 가게 전천당. 11(양장본 HardCover),어린이(초등)
타이탄의 도구들(리커버 에디션),자기계발
나를 살리는 철학,인문
주린이가 가장 알고 싶은 최다질문 TOP 77(교보 단독 리커버),경제/경영
사피엔스,인문
모든 날에 모든 순간에 위로를 보낸다,시/에세이
하나님 부처님 알라를 만나는 방법,인문
이것이 라이브커머스 마케팅이다,경제/경영
꽃을 보듯 너를 본다(J.H CLASSIC 2)(양장본 HardCover),시/에세이
떠난 후에 남겨진 것들(양장본 HardCover),시/에세이
명상 살인,소설
EBS 당신의 문해력(EBS 부모교육),가정/육아
어린이라는 세계,시/에세이
나는 나답게 살기로 했다,인문
친일파 열전,역사/문화
질서 너머,인문
일의 격,경제/경영
그냥 오는 운은 없다,자기계발
NFT 레볼루션,경제/경영
